{
	"song": {
		"sectionLengths": [],
		"player1": "sonic",
		"events": [
			[
				0,
				[
					[
						"CameraControl",
						"400,350",
						"0.5"
					]
				]
			]
		],
		"gfVersion": "gf",
		"player2": "tails",
		"notes": [
			{
				"sectionNotes": [
					[
						0,
						2,
						0
					],
					[
						0,
						3,
						0
					],
					[
						384.615384615385,
						3,
						0
					],
					[
						641.025641025641,
						0,
						0
					],
					[
						897.435897435897,
						2,
						0
					],
					[
						1025.64102564103,
						3,
						0
					],
					[
						1153.84615384615,
						0,
						0
					],
					[
						1666.66666666667,
						7,
						0
					],
					[
						1794.87179487179,
						5,
						0
					],
					[
						1923.07692307692,
						6,
						0
					],
					[
						1923.07692307692,
						7,
						0
					],
					[
						769.230769230769,
						3,
						0
					],
					[
						1282.05128205128,
						3,
						0
					],
					[
						1410.25641025641,
						1,
						0
					],
					[
						384.615384615385,
						0,
						0
					]
				],
				"lengthInSteps": 16,
				"typeOfSection": 0,
				"mustHitSection": true
			},
			{
				"sectionNotes": [
					[
						2179.48717948718,
						4,
						0
					],
					[
						2051.28205128205,
						5,
						0
					],
					[
						2179.48717948718,
						6,
						0
					],
					[
						2307.69230769231,
						7,
						0
					],
					[
						2435.89743589744,
						5,
						0
					],
					[
						2564.10256410256,
						6,
						0
					],
					[
						2435.89743589744,
						7,
						0
					],
					[
						2564.10256410256,
						4,
						0
					],
					[
						2692.30769230769,
						5,
						0
					],
					[
						3205.12820512821,
						3,
						0
					],
					[
						3333.33333333333,
						0,
						0
					],
					[
						3461.53846153846,
						3,
						0
					],
					[
						3589.74358974359,
						1,
						0
					],
					[
						3717.94871794872,
						2,
						128.205128205128
					],
					[
						3846.15384615385,
						0,
						0
					],
					[
						2948.71794871795,
						2,
						0
					],
					[
						3076.92307692308,
						0,
						0
					]
				],
				"lengthInSteps": 16,
				"typeOfSection": 0,
				"mustHitSection": true
			},
			{
				"sectionNotes": [
					[
						4230.76923076923,
						2,
						0
					],
					[
						4358.97435897436,
						3,
						0
					],
					[
						4487.17948717949,
						0,
						0
					],
					[
						4615.38461538462,
						2,
						0
					],
					[
						4743.58974358974,
						1,
						0
					],
					[
						4871.79487179487,
						0,
						0
					],
					[
						5000,
						1,
						0
					],
					[
						5128.20512820513,
						2,
						0
					],
					[
						5256.41025641026,
						3,
						0
					],
					[
						4871.79487179487,
						3,
						0
					],
					[
						5641.02564102564,
						6,
						0
					],
					[
						5769.23076923077,
						5,
						0
					],
					[
						5897.4358974359,
						6,
						0
					],
					[
						6025.64102564103,
						4,
						0
					],
					[
						6025.64102564103,
						7,
						0
					]
				],
				"lengthInSteps": 16,
				"typeOfSection": 0,
				"mustHitSection": false
			},
			{
				"sectionNotes": [
					[
						6153.84615384615,
						1,
						0
					],
					[
						6282.05128205128,
						2,
						0
					],
					[
						6282.05128205128,
						3,
						0
					],
					[
						6538.46153846154,
						1,
						0
					],
					[
						6410.25641025641,
						0,
						0
					],
					[
						6666.66666666667,
						3,
						0
					],
					[
						6794.87179487179,
						2,
						128.205128205128
					],
					[
						6923.07692307692,
						1,
						0
					],
					[
						7051.28205128205,
						0,
						0
					],
					[
						7179.48717948718,
						0,
						0
					],
					[
						7564.10256410256,
						1,
						256.410256410256
					],
					[
						7564.10256410256,
						2,
						256.410256410256
					],
					[
						7948.71794871795,
						2,
						0
					],
					[
						8076.92307692308,
						3,
						0
					],
					[
						7307.69230769231,
						3,
						0
					]
				],
				"lengthInSteps": 16,
				"typeOfSection": 0,
				"mustHitSection": true
			},
			{
				"sectionNotes": [
					[
						8461.53846153846,
						2,
						128.205128205128
					],
					[
						8589.74358974359,
						3,
						0
					],
					[
						8717.94871794872,
						0,
						0
					],
					[
						8846.15384615385,
						0,
						0
					],
					[
						8974.35897435897,
						1,
						0
					],
					[
						9102.5641025641,
						2,
						0
					],
					[
						9102.5641025641,
						3,
						0
					],
					[
						9358.97435897436,
						3,
						0
					],
					[
						9358.97435897436,
						1,
						0
					],
					[
						9615.38461538462,
						2,
						0
					],
					[
						9743.58974358974,
						0,
						0
					]
				],
				"lengthInSteps": 16,
				"typeOfSection": 0,
				"mustHitSection": false
			},
			{
				"sectionNotes": [
					[
						12000,
						0,
						0
					],
					[
						13200,
						3,
						0
					]
				],
				"lengthInSteps": 16,
				"typeOfSection": 0,
				"mustHitSection": false
			},
			{
				"sectionNotes": [
					[
						14400,
						0,
						0
					],
					[
						15600,
						3,
						0
					]
				],
				"lengthInSteps": 16,
				"typeOfSection": 0,
				"mustHitSection": true
			},
			{
				"sectionNotes": [
					[
						16800,
						0,
						0
					],
					[
						18000,
						3,
						0
					]
				],
				"lengthInSteps": 16,
				"typeOfSection": 0,
				"mustHitSection": true
			},
			{
				"sectionNotes": [
					[
						19200,
						2,
						0
					],
					[
						20400,
						1,
						0
					]
				],
				"lengthInSteps": 16,
				"typeOfSection": 0,
				"mustHitSection": false
			},
			{
				"sectionNotes": [
					[
						21600,
						2,
						0
					],
					[
						22800,
						1,
						0
					]
				],
				"lengthInSteps": 16,
				"typeOfSection": 0,
				"mustHitSection": false
			},
			{
				"sectionNotes": [
					[
						24000,
						2,
						0
					],
					[
						25200,
						1,
						0
					]
				],
				"lengthInSteps": 16,
				"typeOfSection": 0,
				"mustHitSection": true
			},
			{
				"sectionNotes": [
					[
						26400,
						2,
						0
					],
					[
						27600,
						1,
						0
					]
				],
				"lengthInSteps": 16,
				"typeOfSection": 0,
				"mustHitSection": true
			},
			{
				"sectionNotes": [
					[
						28800,
						0,
						0
					],
					[
						30000,
						2,
						0
					]
				],
				"lengthInSteps": 16,
				"typeOfSection": 0,
				"mustHitSection": false
			},
			{
				"sectionNotes": [
					[
						31200,
						1,
						0
					],
					[
						32400,
						3,
						0
					]
				],
				"lengthInSteps": 16,
				"typeOfSection": 0,
				"mustHitSection": false
			},
			{
				"sectionNotes": [
					[
						33600,
						0,
						0
					],
					[
						34800,
						2,
						0
					]
				],
				"lengthInSteps": 16,
				"typeOfSection": 0,
				"mustHitSection": true
			},
			{
				"sectionNotes": [
					[
						36000,
						1,
						0
					],
					[
						37200,
						3,
						0
					]
				],
				"lengthInSteps": 16,
				"typeOfSection": 0,
				"mustHitSection": true
			},
			{
				"sectionNotes": [
					[
						38400,
						1,
						0
					],
					[
						39000,
						1,
						0
					],
					[
						39600,
						2,
						0
					]
				],
				"lengthInSteps": 16,
				"typeOfSection": 0,
				"mustHitSection": false
			},
			{
				"sectionNotes": [
					[
						40800,
						1,
						0
					],
					[
						41400,
						1,
						0
					],
					[
						42000,
						3,
						0
					]
				],
				"lengthInSteps": 16,
				"typeOfSection": 0,
				"mustHitSection": false
			},
			{
				"sectionNotes": [
					[
						43200,
						1,
						0
					],
					[
						43800,
						1,
						0
					],
					[
						44400,
						2,
						0
					]
				],
				"lengthInSteps": 16,
				"typeOfSection": 0,